{"cameraMode":{"drawMode":0,"name":"Shaded","section":"Shading Mode"},"sceneLighting":true,"audioPlay":false,"sceneViewState":{"showFog":true,"showMaterialUpdate":false,"showSkybox":true,"showFlares":true,"showImageEffects":true,"showParticleSystems":true},"in2DMode":false,"pivot":{"x":524.0844116210938,"y":495.64410400390627,"z":6.7509765625},"rotation":{"x":-0.025805989280343057,"y":-0.008399742655456066,"z":0.00021682758233509958,"w":-0.9996334910392761},"size":265.7757263183594,"orthographic":false}